{
  "faithfulness": 0.738095238095238,
  "answer_relevancy": 0.684455114931662,
  "context_precision": 0.9901388888686351,
  "context_recall": 0.8363636363636363
}