{
  "faithfulness": 0.625,
  "answer_relevancy": 0.6487406610131482,
  "context_precision": 0.9621759259047015,
  "context_recall": 0.9025000000000001
}